date,Day,Week,Month
01-01-2020,Wednesday,1,January
02-01-2020,Thursday,1,January
03-01-2020,Friday,1,January
09-01-2020,Thursday,2,January
11-01-2020,Saturday,2,January
14-01-2020,Tuesday,3,January
16-01-2020,Thursday,3,January
21-01-2020,Tuesday,4,January
24-01-2020,Friday,4,January
29-01-2020,Wednesday,5,January
01-02-2020,Saturday,5,February
02-02-2020,Sunday,6,February
05-02-2020,Wednesday,6,February
08-02-2020,Saturday,6,February
11-02-2020,Tuesday,7,February
12-02-2020,Wednesday,7,February
13-02-2020,Thursday,7,February
17-02-2020,Monday,8,February
18-02-2020,Tuesday,8,February
20-02-2020,Thursday,8,February
21-02-2020,Friday,8,February
22-02-2020,Saturday,8,February
24-02-2020,Monday,9,February
25-02-2020,Tuesday,9,February
26-02-2020,Wednesday,9,February
28-02-2020,Friday,9,February
29-02-2020,Saturday,9,February
02-03-2020,Monday,10,March
04-03-2020,Wednesday,10,March
05-03-2020,Thursday,10,March
07-03-2020,Saturday,10,March
09-03-2020,Monday,11,March
11-03-2020,Wednesday,11,March
16-03-2020,Monday,12,March
17-03-2020,Tuesday,12,March
18-03-2020,Wednesday,12,March
19-03-2020,Thursday,12,March
20-03-2020,Friday,12,March
24-03-2020,Tuesday,13,March
27-03-2020,Friday,13,March
01-04-2020,Wednesday,14,April
03-04-2020,Friday,14,April
06-04-2020,Monday,15,April
08-04-2020,Wednesday,15,April
09-04-2020,Thursday,15,April
11-04-2020,Saturday,15,April
17-04-2020,Friday,16,April
19-04-2020,Sunday,17,April
29-04-2020,Wednesday,18,April
01-05-2020,Friday,18,May
03-05-2020,Sunday,19,May
07-05-2020,Thursday,19,May
09-05-2020,Saturday,19,May
10-05-2020,Sunday,20,May
11-05-2020,Monday,20,May
19-05-2020,Tuesday,21,May
22-05-2020,Friday,21,May
23-05-2020,Saturday,21,May
26-05-2020,Tuesday,22,May
27-05-2020,Wednesday,22,May
28-05-2020,Thursday,22,May
29-05-2020,Friday,22,May
30-05-2020,Saturday,22,May
01-06-2020,Monday,23,June
03-06-2020,Wednesday,23,June
05-06-2020,Friday,23,June
06-06-2020,Saturday,23,June
07-06-2020,Sunday,24,June
09-06-2020,Tuesday,24,June
10-06-2020,Wednesday,24,June
11-06-2020,Thursday,24,June
12-06-2020,Friday,24,June
13-06-2020,Saturday,24,June
15-06-2020,Monday,25,June
18-06-2020,Thursday,25,June
19-06-2020,Friday,25,June
20-06-2020,Saturday,25,June
24-06-2020,Wednesday,26,June
25-06-2020,Thursday,26,June
26-06-2020,Friday,26,June
01-07-2020,Wednesday,27,July
02-07-2020,Thursday,27,July
03-07-2020,Friday,27,July
08-07-2020,Wednesday,28,July
13-07-2020,Monday,29,July
14-07-2020,Tuesday,29,July
15-07-2020,Wednesday,29,July
16-07-2020,Thursday,29,July
17-07-2020,Friday,29,July
18-07-2020,Saturday,29,July
19-07-2020,Sunday,30,July
20-07-2020,Monday,30,July
21-07-2020,Tuesday,30,July
23-07-2020,Thursday,30,July
26-07-2020,Sunday,31,July
02-08-2020,Sunday,32,August
03-08-2020,Monday,32,August
04-08-2020,Tuesday,32,August
05-08-2020,Wednesday,32,August
06-08-2020,Thursday,32,August
11-08-2020,Tuesday,33,August
13-08-2020,Thursday,33,August
14-08-2020,Friday,33,August
15-08-2020,Saturday,33,August
16-08-2020,Sunday,34,August
17-08-2020,Monday,34,August
21-08-2020,Friday,34,August
23-08-2020,Sunday,35,August
26-08-2020,Wednesday,35,August
29-08-2020,Saturday,35,August
30-08-2020,Sunday,36,August
31-08-2020,Monday,36,August
02-09-2020,Wednesday,36,September
03-09-2020,Thursday,36,September
04-09-2020,Friday,36,September
07-09-2020,Monday,37,September
09-09-2020,Wednesday,37,September
10-09-2020,Thursday,37,September
12-09-2020,Saturday,37,September
13-09-2020,Sunday,38,September
14-09-2020,Monday,38,September
17-09-2020,Thursday,38,September
18-09-2020,Friday,38,September
19-09-2020,Saturday,38,September
20-09-2020,Sunday,39,September
22-09-2020,Tuesday,39,September
23-09-2020,Wednesday,39,September
26-09-2020,Saturday,39,September
27-09-2020,Sunday,40,September
02-10-2020,Friday,40,October
04-10-2020,Sunday,41,October
07-10-2020,Wednesday,41,October
08-10-2020,Thursday,41,October
14-10-2020,Wednesday,42,October
17-10-2020,Saturday,42,October
19-10-2020,Monday,43,October
20-10-2020,Tuesday,43,October
24-10-2020,Saturday,43,October
25-10-2020,Sunday,44,October
01-11-2020,Sunday,45,November
02-11-2020,Monday,45,November
03-11-2020,Tuesday,45,November
05-11-2020,Thursday,45,November
06-11-2020,Friday,45,November
07-11-2020,Saturday,45,November
09-11-2020,Monday,46,November
10-11-2020,Tuesday,46,November
11-11-2020,Wednesday,46,November
12-11-2020,Thursday,46,November
16-11-2020,Monday,47,November
19-11-2020,Thursday,47,November
21-11-2020,Saturday,47,November
22-11-2020,Sunday,48,November
24-11-2020,Tuesday,48,November
29-11-2020,Sunday,49,November
01-12-2020,Tuesday,49,December
04-12-2020,Friday,49,December
06-12-2020,Sunday,50,December
07-12-2020,Monday,50,December
09-12-2020,Wednesday,50,December
10-12-2020,Thursday,50,December
11-12-2020,Friday,50,December
12-12-2020,Saturday,50,December
15-12-2020,Tuesday,51,December
17-12-2020,Thursday,51,December
18-12-2020,Friday,51,December
20-12-2020,Sunday,52,December
21-12-2020,Monday,52,December
25-12-2020,Friday,52,December
26-12-2020,Saturday,52,December
28-12-2020,Monday,53,December
30-12-2020,Wednesday,53,December
31-12-2020,Thursday,53,December
01-01-2021,Friday,1,January
03-01-2021,Sunday,2,January
08-01-2021,Friday,2,January
11-01-2021,Monday,3,January
12-01-2021,Tuesday,3,January
16-01-2021,Saturday,3,January
17-01-2021,Sunday,4,January
20-01-2021,Wednesday,4,January
24-01-2021,Sunday,5,January
26-01-2021,Tuesday,5,January
27-01-2021,Wednesday,5,January
31-01-2021,Sunday,6,January
02-02-2021,Tuesday,6,February
07-02-2021,Sunday,7,February
08-02-2021,Monday,7,February
09-02-2021,Tuesday,7,February
10-02-2021,Wednesday,7,February
11-02-2021,Thursday,7,February
12-02-2021,Friday,7,February
16-02-2021,Tuesday,8,February
17-02-2021,Wednesday,8,February
19-02-2021,Friday,8,February
22-02-2021,Monday,9,February
23-02-2021,Tuesday,9,February
24-02-2021,Wednesday,9,February
26-02-2021,Friday,9,February
27-02-2021,Saturday,9,February
28-02-2021,Sunday,10,February
02-03-2021,Tuesday,10,March
04-03-2021,Thursday,10,March
05-03-2021,Friday,10,March
06-03-2021,Saturday,10,March
07-03-2021,Sunday,11,March
09-03-2021,Tuesday,11,March
10-03-2021,Wednesday,11,March
13-03-2021,Saturday,11,March
14-03-2021,Sunday,12,March
15-03-2021,Monday,12,March
19-03-2021,Friday,12,March
22-03-2021,Monday,13,March
23-03-2021,Tuesday,13,March
24-03-2021,Wednesday,13,March
26-03-2021,Friday,13,March
28-03-2021,Sunday,14,March
29-03-2021,Monday,14,March
30-03-2021,Tuesday,14,March
01-04-2021,Thursday,14,April
05-04-2021,Monday,15,April
07-04-2021,Wednesday,15,April
08-04-2021,Thursday,15,April
13-04-2021,Tuesday,16,April
15-04-2021,Thursday,16,April
19-04-2021,Monday,17,April
20-04-2021,Tuesday,17,April
21-04-2021,Wednesday,17,April
27-04-2021,Tuesday,18,April
28-04-2021,Wednesday,18,April
29-04-2021,Thursday,18,April
01-05-2021,Saturday,18,May
07-05-2021,Friday,19,May
09-05-2021,Sunday,20,May
11-05-2021,Tuesday,20,May
12-05-2021,Wednesday,20,May
14-05-2021,Friday,20,May
15-05-2021,Saturday,20,May
16-05-2021,Sunday,21,May
17-05-2021,Monday,21,May
20-05-2021,Thursday,21,May
22-05-2021,Saturday,21,May
24-05-2021,Monday,22,May
25-05-2021,Tuesday,22,May
27-05-2021,Thursday,22,May
28-05-2021,Friday,22,May
30-05-2021,Sunday,23,May
31-05-2021,Monday,23,May
01-06-2021,Tuesday,23,June
02-06-2021,Wednesday,23,June
03-06-2021,Thursday,23,June
04-06-2021,Friday,23,June
05-06-2021,Saturday,23,June
07-06-2021,Monday,24,June
08-06-2021,Tuesday,24,June
10-06-2021,Thursday,24,June
11-06-2021,Friday,24,June
13-06-2021,Sunday,25,June
16-06-2021,Wednesday,25,June
17-06-2021,Thursday,25,June
21-06-2021,Monday,26,June
22-06-2021,Tuesday,26,June
24-06-2021,Thursday,26,June
26-06-2021,Saturday,26,June
01-07-2021,Thursday,27,July
02-07-2021,Friday,27,July
03-07-2021,Saturday,27,July
04-07-2021,Sunday,28,July
09-07-2021,Friday,28,July
12-07-2021,Monday,29,July
14-07-2021,Wednesday,29,July
17-07-2021,Saturday,29,July
20-07-2021,Tuesday,30,July
22-07-2021,Thursday,30,July
25-07-2021,Sunday,31,July
27-07-2021,Tuesday,31,July
28-07-2021,Wednesday,31,July
29-07-2021,Thursday,31,July
30-07-2021,Friday,31,July
31-07-2021,Saturday,31,July
01-08-2021,Sunday,32,August
02-08-2021,Monday,32,August
03-08-2021,Tuesday,32,August
04-08-2021,Wednesday,32,August
05-08-2021,Thursday,32,August
06-08-2021,Friday,32,August
07-08-2021,Saturday,32,August
08-08-2021,Sunday,33,August
09-08-2021,Monday,33,August
11-08-2021,Wednesday,33,August
12-08-2021,Thursday,33,August
13-08-2021,Friday,33,August
16-08-2021,Monday,34,August
18-08-2021,Wednesday,34,August
19-08-2021,Thursday,34,August
20-08-2021,Friday,34,August
26-08-2021,Thursday,35,August
29-08-2021,Sunday,36,August
30-08-2021,Monday,36,August
06-09-2021,Monday,37,September
08-09-2021,Wednesday,37,September
11-09-2021,Saturday,37,September
14-09-2021,Tuesday,38,September
16-09-2021,Thursday,38,September
20-09-2021,Monday,39,September
22-09-2021,Wednesday,39,September
24-09-2021,Friday,39,September
26-09-2021,Sunday,40,September
29-09-2021,Wednesday,40,September
01-10-2021,Friday,40,October
02-10-2021,Saturday,40,October
03-10-2021,Sunday,41,October
04-10-2021,Monday,41,October
06-10-2021,Wednesday,41,October
08-10-2021,Friday,41,October
10-10-2021,Sunday,42,October
11-10-2021,Monday,42,October
12-10-2021,Tuesday,42,October
14-10-2021,Thursday,42,October
15-10-2021,Friday,42,October
16-10-2021,Saturday,42,October
17-10-2021,Sunday,43,October
18-10-2021,Monday,43,October
20-10-2021,Wednesday,43,October
21-10-2021,Thursday,43,October
22-10-2021,Friday,43,October
23-10-2021,Saturday,43,October
24-10-2021,Sunday,44,October
25-10-2021,Monday,44,October
27-10-2021,Wednesday,44,October
30-10-2021,Saturday,44,October
02-11-2021,Tuesday,45,November
04-11-2021,Thursday,45,November
05-11-2021,Friday,45,November
06-11-2021,Saturday,45,November
07-11-2021,Sunday,46,November
10-11-2021,Wednesday,46,November
11-11-2021,Thursday,46,November
12-11-2021,Friday,46,November
13-11-2021,Saturday,46,November
15-11-2021,Monday,47,November
17-11-2021,Wednesday,47,November
19-11-2021,Friday,47,November
20-11-2021,Saturday,47,November
23-11-2021,Tuesday,48,November
24-11-2021,Wednesday,48,November
25-11-2021,Thursday,48,November
29-11-2021,Monday,49,November
03-12-2021,Friday,49,December
04-12-2021,Saturday,49,December
11-12-2021,Saturday,50,December
15-12-2021,Wednesday,51,December
16-12-2021,Thursday,51,December
17-12-2021,Friday,51,December
22-12-2021,Wednesday,52,December
23-12-2021,Thursday,52,December
29-12-2021,Wednesday,53,December
02-01-2022,Sunday,2,January
05-01-2022,Wednesday,2,January
06-01-2022,Thursday,2,January
08-01-2022,Saturday,2,January
09-01-2022,Sunday,3,January
10-01-2022,Monday,3,January
15-01-2022,Saturday,3,January
17-01-2022,Monday,4,January
19-01-2022,Wednesday,4,January
20-01-2022,Thursday,4,January
21-01-2022,Friday,4,January
23-01-2022,Sunday,5,January
25-01-2022,Tuesday,5,January
26-01-2022,Wednesday,5,January
27-01-2022,Thursday,5,January
29-01-2022,Saturday,5,January
31-01-2022,Monday,6,January
01-02-2022,Tuesday,6,February
03-02-2022,Thursday,6,February
08-02-2022,Tuesday,7,February
09-02-2022,Wednesday,7,February
10-02-2022,Thursday,7,February
17-02-2022,Thursday,8,February
18-02-2022,Friday,8,February
19-02-2022,Saturday,8,February
21-02-2022,Monday,9,February
27-02-2022,Sunday,10,February
03-03-2022,Thursday,10,March
04-03-2022,Friday,10,March
07-03-2022,Monday,11,March
15-03-2022,Tuesday,12,March
16-03-2022,Wednesday,12,March
17-03-2022,Thursday,12,March
18-03-2022,Friday,12,March
23-03-2022,Wednesday,13,March
24-03-2022,Thursday,13,March
25-03-2022,Friday,13,March
26-03-2022,Saturday,13,March
27-03-2022,Sunday,14,March
28-03-2022,Monday,14,March
29-03-2022,Tuesday,14,March
05-04-2022,Tuesday,15,April
07-04-2022,Thursday,15,April
10-04-2022,Sunday,16,April
11-04-2022,Monday,16,April
12-04-2022,Tuesday,16,April
15-04-2022,Friday,16,April
20-04-2022,Wednesday,17,April
25-04-2022,Monday,18,April
26-04-2022,Tuesday,18,April
27-04-2022,Wednesday,18,April
28-04-2022,Thursday,18,April
03-05-2022,Tuesday,19,May
06-05-2022,Friday,19,May
08-05-2022,Sunday,20,May
10-05-2022,Tuesday,20,May
11-05-2022,Wednesday,20,May
13-05-2022,Friday,20,May
14-05-2022,Saturday,20,May
18-05-2022,Wednesday,21,May
20-05-2022,Friday,21,May
21-05-2022,Saturday,21,May
23-05-2022,Monday,22,May
24-05-2022,Tuesday,22,May
25-05-2022,Wednesday,22,May
27-05-2022,Friday,22,May
30-05-2022,Monday,23,May
31-05-2022,Tuesday,23,May
03-06-2022,Friday,23,June
08-06-2022,Wednesday,24,June
09-06-2022,Thursday,24,June
12-06-2022,Sunday,25,June
17-06-2022,Friday,25,June
20-06-2022,Monday,26,June
21-06-2022,Tuesday,26,June
23-06-2022,Thursday,26,June
25-06-2022,Saturday,26,June
26-06-2022,Sunday,27,June
28-06-2022,Tuesday,27,June
29-06-2022,Wednesday,27,June
02-07-2022,Saturday,27,July
03-07-2022,Sunday,28,July
05-07-2022,Tuesday,28,July
07-07-2022,Thursday,28,July
08-07-2022,Friday,28,July
10-07-2022,Sunday,29,July
12-07-2022,Tuesday,29,July
15-07-2022,Friday,29,July
16-07-2022,Saturday,29,July
20-07-2022,Wednesday,30,July
23-07-2022,Saturday,30,July
26-07-2022,Tuesday,31,July
30-07-2022,Saturday,31,July
31-07-2022,Sunday,32,July
01-08-2022,Monday,32,August
02-08-2022,Tuesday,32,August
05-08-2022,Friday,32,August
10-08-2022,Wednesday,33,August
14-08-2022,Sunday,34,August
15-08-2022,Monday,34,August
16-08-2022,Tuesday,34,August
18-08-2022,Thursday,34,August
19-08-2022,Friday,34,August
24-08-2022,Wednesday,35,August
25-08-2022,Thursday,35,August
26-08-2022,Friday,35,August
27-08-2022,Saturday,35,August
28-08-2022,Sunday,36,August
01-09-2022,Thursday,36,September
03-09-2022,Saturday,36,September
08-09-2022,Thursday,37,September
10-09-2022,Saturday,37,September
13-09-2022,Tuesday,38,September
15-09-2022,Thursday,38,September
16-09-2022,Friday,38,September
18-09-2022,Sunday,39,September
19-09-2022,Monday,39,September
21-09-2022,Wednesday,39,September
22-09-2022,Thursday,39,September
23-09-2022,Friday,39,September
24-09-2022,Saturday,39,September
26-09-2022,Monday,40,September
27-09-2022,Tuesday,40,September
28-09-2022,Wednesday,40,September
29-09-2022,Thursday,40,September
05-10-2022,Wednesday,41,October
07-10-2022,Friday,41,October
10-10-2022,Monday,42,October
11-10-2022,Tuesday,42,October
12-10-2022,Wednesday,42,October
13-10-2022,Thursday,42,October
14-10-2022,Friday,42,October
15-10-2022,Saturday,42,October
16-10-2022,Sunday,43,October
18-10-2022,Tuesday,43,October
20-10-2022,Thursday,43,October
21-10-2022,Friday,43,October
24-10-2022,Monday,44,October
25-10-2022,Tuesday,44,October
26-10-2022,Wednesday,44,October
28-10-2022,Friday,44,October
31-10-2022,Monday,45,October
01-11-2022,Tuesday,45,November
02-11-2022,Wednesday,45,November
05-11-2022,Saturday,45,November
06-11-2022,Sunday,46,November
07-11-2022,Monday,46,November
11-11-2022,Friday,46,November
14-11-2022,Monday,47,November
16-11-2022,Wednesday,47,November
17-11-2022,Thursday,47,November
18-11-2022,Friday,47,November
20-11-2022,Sunday,48,November
22-11-2022,Tuesday,48,November
26-11-2022,Saturday,48,November
30-11-2022,Wednesday,49,November
02-12-2022,Friday,49,December
09-12-2022,Friday,50,December
10-12-2022,Saturday,50,December
18-12-2022,Sunday,52,December
19-12-2022,Monday,52,December
20-12-2022,Tuesday,52,December
22-12-2022,Thursday,52,December
23-12-2022,Friday,52,December
25-12-2022,Sunday,53,December
28-12-2022,Wednesday,53,December
01-01-2023,Sunday,1,January
02-01-2023,Monday,1,January
09-01-2023,Monday,2,January
15-01-2023,Sunday,3,January
18-01-2023,Wednesday,3,January
19-01-2023,Thursday,3,January
20-01-2023,Friday,3,January
21-01-2023,Saturday,3,January
26-01-2023,Thursday,4,January
27-01-2023,Friday,4,January
02-02-2023,Thursday,5,February
05-02-2023,Sunday,6,February
06-02-2023,Monday,6,February
07-02-2023,Tuesday,6,February
11-02-2023,Saturday,6,February
12-02-2023,Sunday,7,February
13-02-2023,Monday,7,February
14-02-2023,Tuesday,7,February
15-02-2023,Wednesday,7,February
16-02-2023,Thursday,7,February
19-02-2023,Sunday,8,February
21-02-2023,Tuesday,8,February
23-02-2023,Thursday,8,February
24-02-2023,Friday,8,February
27-02-2023,Monday,9,February
28-02-2023,Tuesday,9,February
02-03-2023,Thursday,9,March
03-03-2023,Friday,9,March
06-03-2023,Monday,10,March
07-03-2023,Tuesday,10,March
08-03-2023,Wednesday,10,March
09-03-2023,Thursday,10,March
10-03-2023,Friday,10,March
16-03-2023,Thursday,11,March
17-03-2023,Friday,11,March
19-03-2023,Sunday,12,March
23-03-2023,Thursday,12,March
24-03-2023,Friday,12,March
27-03-2023,Monday,13,March
05-04-2023,Wednesday,14,April
06-04-2023,Thursday,14,April
08-04-2023,Saturday,14,April
10-04-2023,Monday,15,April
14-04-2023,Friday,15,April
15-04-2023,Saturday,15,April
16-04-2023,Sunday,16,April
17-04-2023,Monday,16,April
18-04-2023,Tuesday,16,April
19-04-2023,Wednesday,16,April
20-04-2023,Thursday,16,April
22-04-2023,Saturday,16,April
25-04-2023,Tuesday,17,April
26-04-2023,Wednesday,17,April
28-04-2023,Friday,17,April
04-05-2023,Thursday,18,May
05-05-2023,Friday,18,May
07-05-2023,Sunday,19,May
08-05-2023,Monday,19,May
17-05-2023,Wednesday,20,May
19-05-2023,Friday,20,May
20-05-2023,Saturday,20,May
22-05-2023,Monday,21,May
23-05-2023,Tuesday,21,May
25-05-2023,Thursday,21,May
26-05-2023,Friday,21,May
27-05-2023,Saturday,21,May
29-05-2023,Monday,22,May
30-05-2023,Tuesday,22,May
31-05-2023,Wednesday,22,May
01-06-2023,Thursday,22,June
03-06-2023,Saturday,22,June
05-06-2023,Monday,23,June
10-06-2023,Saturday,23,June
13-06-2023,Tuesday,24,June
14-06-2023,Wednesday,24,June
19-06-2023,Monday,25,June
20-06-2023,Tuesday,25,June
23-06-2023,Friday,25,June
24-06-2023,Saturday,25,June
28-06-2023,Wednesday,26,June
29-06-2023,Thursday,26,June
05-07-2023,Wednesday,27,July
06-07-2023,Thursday,27,July
07-07-2023,Friday,27,July
08-07-2023,Saturday,27,July
10-07-2023,Monday,28,July
11-07-2023,Tuesday,28,July
12-07-2023,Wednesday,28,July
20-07-2023,Thursday,29,July
22-07-2023,Saturday,29,July
25-07-2023,Tuesday,30,July
26-07-2023,Wednesday,30,July
28-07-2023,Friday,30,July
29-07-2023,Saturday,30,July
30-07-2023,Sunday,31,July
02-08-2023,Wednesday,31,August
03-08-2023,Thursday,31,August
04-08-2023,Friday,31,August
05-08-2023,Saturday,31,August
06-08-2023,Sunday,32,August
07-08-2023,Monday,32,August
09-08-2023,Wednesday,32,August
10-08-2023,Thursday,32,August
11-08-2023,Friday,32,August
12-08-2023,Saturday,32,August
13-08-2023,Sunday,33,August
14-08-2023,Monday,33,August
16-08-2023,Wednesday,33,August
18-08-2023,Friday,33,August
19-08-2023,Saturday,33,August
21-08-2023,Monday,34,August
25-08-2023,Friday,34,August
26-08-2023,Saturday,34,August
28-08-2023,Monday,35,August
02-09-2023,Saturday,35,September
03-09-2023,Sunday,36,September
06-09-2023,Wednesday,36,September
07-09-2023,Thursday,36,September
10-09-2023,Sunday,37,September
11-09-2023,Monday,37,September
12-09-2023,Tuesday,37,September
15-09-2023,Friday,37,September
16-09-2023,Saturday,37,September
20-09-2023,Wednesday,38,September
21-09-2023,Thursday,38,September
24-09-2023,Sunday,39,September
25-09-2023,Monday,39,September
28-09-2023,Thursday,39,September
29-09-2023,Friday,39,September
30-09-2023,Saturday,39,September
01-10-2023,Sunday,40,October
03-10-2023,Tuesday,40,October
05-10-2023,Thursday,40,October
06-10-2023,Friday,40,October
07-10-2023,Saturday,40,October
09-10-2023,Monday,41,October
12-10-2023,Thursday,41,October
13-10-2023,Friday,41,October
15-10-2023,Sunday,42,October
18-10-2023,Wednesday,42,October
21-10-2023,Saturday,42,October
24-10-2023,Tuesday,43,October
27-10-2023,Friday,43,October
29-10-2023,Sunday,44,October
30-10-2023,Monday,44,October
31-10-2023,Tuesday,44,October
01-11-2023,Wednesday,44,November
04-11-2023,Saturday,44,November
06-11-2023,Monday,45,November
09-11-2023,Thursday,45,November
10-11-2023,Friday,45,November
11-11-2023,Saturday,45,November
14-11-2023,Tuesday,46,November
21-11-2023,Tuesday,47,November
24-11-2023,Friday,47,November
28-11-2023,Tuesday,48,November
01-12-2023,Friday,48,December
04-12-2023,Monday,49,December
05-12-2023,Tuesday,49,December
07-12-2023,Thursday,49,December
08-12-2023,Friday,49,December
09-12-2023,Saturday,49,December
10-12-2023,Sunday,50,December
14-12-2023,Thursday,50,December
16-12-2023,Saturday,50,December
18-12-2023,Monday,51,December
20-12-2023,Wednesday,51,December
21-12-2023,Thursday,51,December
24-12-2023,Sunday,52,December
29-12-2023,Friday,52,December
30-12-2023,Saturday,52,December
31-12-2023,Sunday,53,December
01-01-2024,Monday,1,January
03-01-2024,Wednesday,1,January
04-01-2024,Thursday,1,January
09-01-2024,Tuesday,2,January
10-01-2024,Wednesday,2,January
11-01-2024,Thursday,2,January
12-01-2024,Friday,2,January
13-01-2024,Saturday,2,January
14-01-2024,Sunday,3,January
15-01-2024,Monday,3,January
16-01-2024,Tuesday,3,January
17-01-2024,Wednesday,3,January
18-01-2024,Thursday,3,January
19-01-2024,Friday,3,January
20-01-2024,Saturday,3,January
23-01-2024,Tuesday,4,January
25-01-2024,Thursday,4,January
28-01-2024,Sunday,5,January
30-01-2024,Tuesday,5,January
31-01-2024,Wednesday,5,January
01-02-2024,Thursday,5,February
02-02-2024,Friday,5,February
05-02-2024,Monday,6,February
07-02-2024,Wednesday,6,February
09-02-2024,Friday,6,February
10-02-2024,Saturday,6,February
11-02-2024,Sunday,7,February
15-02-2024,Thursday,7,February
17-02-2024,Saturday,7,February
21-02-2024,Wednesday,8,February
22-02-2024,Thursday,8,February
26-02-2024,Monday,9,February
28-02-2024,Wednesday,9,February
29-02-2024,Thursday,9,February
02-03-2024,Saturday,9,March
05-03-2024,Tuesday,10,March
06-03-2024,Wednesday,10,March
08-03-2024,Friday,10,March
09-03-2024,Saturday,10,March
13-03-2024,Wednesday,11,March
14-03-2024,Thursday,11,March
15-03-2024,Friday,11,March
18-03-2024,Monday,12,March
